<?xml version="1.0" encoding="UTF-8"?>
<project-private xmlns="http://www.netbeans.org/ns/project-private/1">
    <editor-bookmarks xmlns="http://www.netbeans.org/ns/editor-bookmarks/2" lastBookmarkId="1">
        <file>
            <url>src/core/Codemaker.java</url>
            <bookmark id="1">
                <name/>
                <line>18</line>
                <key/>
            </bookmark>
        </file>
    </editor-bookmarks>
    <open-files xmlns="http://www.netbeans.org/ns/projectui-open-files/2">
        <group>
            <file>file:/C:/Users/TMorr/Documents/NetBeansProjects/MasterMind/src/Constants/Constants.java</file>
            <file>file:/C:/Users/TMorr/Documents/NetBeansProjects/MasterMind/src/mastermind/MasterMind.java</file>
            <file>file:/C:/Users/TMorr/Documents/NetBeansProjects/MasterMind/src/core/Codemaker.java</file>
            <file>file:/C:/Users/TMorr/Documents/NetBeansProjects/MasterMind/src/core/ICodebreaker.java</file>
            <file>file:/C:/Users/TMorr/Documents/NetBeansProjects/MasterMind/src/core/Game.java</file>
            <file>file:/C:/Users/TMorr/Documents/NetBeansProjects/MasterMind/src/core/ICodemaker.java</file>
            <file>file:/C:/Users/TMorr/Documents/NetBeansProjects/MasterMind/src/core/IGame.java</file>
            <file>file:/C:/Users/TMorr/Documents/NetBeansProjects/MasterMind/src/core/Codebreaker.java</file>
        </group>
    </open-files>
</project-private>
